services/core/java/com/android/server/am/ActivityManagerService.java,55
services/core/java/com/android/server/uri/UriGrantsManagerService.java,2
services/core/java/com/android/server/am/ActivityManagerDebugConfig.java,4
services/core/java/com/android/server/wm/DisplayContent.java,16
services/core/java/com/android/server/wm/AppWindowToken.java,10
services/core/java/com/android/server/ConnectivityService.java,56
services/core/java/com/android/server/audio/AudioService.java,44
services/core/java/com/android/server/wm/DisplayPolicy.java,14
services/core/java/com/android/server/wm/TaskSnapshotController.java,4
services/core/java/com/android/server/location/GnssLocationProvider.java,11
services/net/java/android/net/ip/IpServer.java,3
services/core/java/com/android/server/UiModeManagerService.java,4
services/core/java/com/android/server/wm/TaskSnapshotPersister.java,1
core/java/android/app/ActivityThread.java,10
services/core/java/com/android/server/wm/WindowStateAnimator.java,6
services/autofill/java/com/android/server/autofill/RemoteFillService.java,3
services/core/java/com/android/server/pm/permission/PermissionManagerService.java,6
services/core/java/com/android/server/am/ProcessList.java,16
services/core/java/com/android/server/pm/PackageManagerService.java,35
core/java/android/os/ZygoteProcess.java,2
core/java/com/android/internal/os/Zygote.java,6
services/core/java/com/android/server/StorageManagerService.java,8
services/core/java/com/android/server/job/JobServiceContext.java,1
services/core/java/com/android/server/display/AutomaticBrightnessController.java,4
core/java/com/android/internal/policy/DecorView.java,6
services/core/java/com/android/server/wm/ActivityStarter.java,18
core/java/com/android/internal/app/ResolverActivity.java,6
core/java/android/view/ViewRootImpl.java,11
services/core/java/com/android/server/display/DisplayPowerController.java,7
media/java/android/media/AudioTrack.java,2
services/core/java/com/android/server/LocationManagerService.java,13
services/core/java/com/android/server/net/NetworkPolicyManagerService.java,5
telephony/java/android/telephony/TelephonyManager.java,7
services/core/java/com/android/server/locksettings/LockSettingsService.java,23
services/core/java/com/android/server/wm/ActivityStack.java,35
services/core/java/com/android/server/connectivity/NetworkNotificationManager.java,5
telephony/java/android/telephony/ServiceState.java,9
services/core/java/com/android/server/AlarmManagerService.java,6
services/core/java/com/android/server/am/ActiveServices.java,27
telephony/java/com/android/internal/telephony/gsm/SmsMessage.java,2
packages/SettingsLib/src/com/android/settingslib/bluetooth/CachedBluetoothDevice.java,29
core/java/android/util/MemoryIntArray.java,1
services/core/java/com/android/server/clipboard/ClipboardService.java,3
packages/NetworkStack/src/com/android/server/connectivity/NetworkMonitor.java,4
services/core/java/com/android/server/wm/RecentsAnimation.java,3
services/core/java/com/android/server/wm/ActivityTaskManagerService.java,18
services/core/java/com/android/server/wm/WindowState.java,7
core/java/android/view/SurfaceView.java,5
services/core/java/com/android/server/display/DisplayManagerService.java,15
services/core/java/com/android/server/notification/NotificationManagerService.java,14
telephony/java/android/telephony/CellSignalStrengthWcdma.java,1
telephony/java/android/telephony/SubscriptionInfo.java,8
services/core/java/com/android/server/pm/permission/DefaultPermissionGrantPolicy.java,4
services/core/java/com/android/server/wm/ActivityStartInterceptor.java,3
media/java/android/media/RingtoneManager.java,4
telephony/java/android/telephony/CellSignalStrengthGsm.java,2
telephony/java/com/android/internal/telephony/cdma/SmsMessage.java,7
telephony/java/android/telephony/SmsManager.java,12
telephony/java/android/telephony/SmsMessage.java,2
core/java/android/hardware/camera2/params/OutputConfiguration.java,1
core/java/android/os/storage/StorageManager.java,1
packages/NetworkStack/src/android/net/dhcp/DhcpClient.java,1
services/core/java/com/android/server/biometrics/ClientMonitor.java,1
services/core/java/com/android/server/am/OomAdjuster.java,13
services/core/java/com/android/server/adb/AdbDebuggingManager.java,3
core/java/android/bluetooth/BluetoothPbapClient.java,1
services/core/java/com/android/server/content/SyncManager.java,2
packages/NetworkStack/src/android/net/dhcp/DhcpPacket.java,3
services/core/java/com/android/server/statusbar/StatusBarManagerService.java,6
core/java/android/app/LoadedApk.java,3
services/core/java/com/android/server/wm/Dimmer.java,2
core/java/android/bluetooth/BluetoothHidDevice.java,1
services/core/java/com/android/server/policy/PhoneWindowManager.java,16
core/java/android/bluetooth/BluetoothA2dpSink.java,1
services/core/java/com/android/server/wm/ActivityRecord.java,40
services/core/java/com/android/server/biometrics/AuthenticationClient.java,3
services/devicepolicy/java/com/android/server/devicepolicy/DevicePolicyManagerService.java,6
core/java/android/bluetooth/BluetoothSap.java,1
services/core/java/com/android/server/am/PreBootBroadcaster.java,2
core/java/android/content/pm/PackageInstaller.java,3
services/core/java/com/android/server/wm/TaskPositioner.java,2
packages/SettingsLib/src/com/android/settingslib/wifi/WifiTracker.java,4
core/java/android/bluetooth/BluetoothHeadset.java,7
services/core/java/com/android/server/am/ServiceRecord.java,3
services/core/java/com/android/server/job/controllers/TimeController.java,3
core/java/android/os/LocaleList.java,1
core/java/android/bluetooth/BluetoothHidHost.java,2
services/core/java/com/android/server/connectivity/NetworkAgentInfo.java,20
services/core/java/com/android/server/wm/RecentTasks.java,4
core/java/android/app/ApplicationPackageManager.java,4
telephony/java/com/android/internal/telephony/TelephonyProperties.java,5
services/core/java/com/android/server/wm/WindowManagerService.java,21
core/java/android/bluetooth/BluetoothPan.java,1
media/java/android/media/ThumbnailUtils.java,1
core/java/android/bluetooth/BluetoothMap.java,1
core/java/android/app/Activity.java,5
telephony/java/android/telephony/CarrierConfigManager.java,50
core/java/android/view/inputmethod/InputMethodManager.java,5
core/java/android/bluetooth/BluetoothMapClient.java,2
core/java/android/provider/Settings.java,22
core/java/android/bluetooth/BluetoothHeadsetClient.java,1
services/core/java/com/android/server/inputmethod/MultiClientInputMethodManagerService.java,3
core/java/android/content/res/Configuration.java,2
services/core/java/com/android/server/audio/RecordingActivityMonitor.java,1
services/core/java/com/android/server/am/UserController.java,3
services/core/java/com/android/server/inputmethod/InputMethodManagerService.java,7
media/java/android/media/ExifInterface.java,2
services/java/com/android/server/SystemServer.java,12
services/core/java/com/android/server/wm/WindowProcessController.java,3
core/java/android/bluetooth/BluetoothA2dp.java,1
core/java/android/bluetooth/BluetoothAvrcpController.java,1
core/java/android/bluetooth/BluetoothHearingAid.java,4
services/core/java/com/android/server/wm/SurfaceAnimator.java,1
services/core/java/com/android/server/wm/RootActivityContainer.java,3
core/java/com/android/internal/app/ResolverListController.java,2
services/core/java/com/android/server/role/RoleManagerService.java,1
services/core/java/com/android/server/connectivity/tethering/EntitlementManager.java,1
services/core/java/com/android/server/pm/PackageInstallerService.java,4
services/core/java/com/android/server/wm/KeyguardController.java,4
services/core/java/com/android/server/wm/RecentsAnimationController.java,2
core/java/com/android/internal/policy/PhoneWindow.java,2
core/java/android/view/Window.java,2
telephony/java/android/telephony/data/ApnSetting.java,5
core/java/android/hardware/display/DisplayManagerInternal.java,3
core/java/android/content/pm/ShortcutInfo.java,1
services/core/java/com/android/server/pm/Settings.java,3
services/core/java/com/android/server/biometrics/BiometricServiceBase.java,3
services/core/java/com/android/server/wm/TaskSnapshotSurface.java,2
core/java/android/view/SurfaceControl.java,15
telephony/java/android/telephony/CellSignalStrengthCdma.java,1
media/java/android/mtp/MtpDatabase.java,3
services/core/java/com/android/server/notification/ZenModeHelper.java,2
services/core/java/com/android/server/pm/permission/BasePermission.java,1
packages/SettingsLib/src/com/android/settingslib/RestrictedLockUtilsInternal.java,1
core/java/android/permission/PermissionManagerInternal.java,1
services/autofill/java/com/android/server/autofill/Session.java,2
core/java/android/provider/MediaStore.java,2
services/core/java/com/android/server/wm/TaskStack.java,3
media/java/android/media/AudioRecord.java,3
core/java/android/content/pm/PackageManager.java,1
core/java/android/view/View.java,3
services/core/java/com/android/server/camera/CameraServiceProxy.java,2
core/java/com/android/internal/app/ChooserActivity.java,4
core/java/android/content/pm/PermissionInfo.java,1
core/java/android/view/contentcapture/ContentCaptureSession.java,1
packages/SettingsLib/RestrictedLockUtils/src/com/android/settingslib/RestrictedLockUtils.java,2
packages/SystemUI/src/com/android/systemui/statusbar/phone/NavigationBarView.java,1
packages/NetworkStack/src/com/android/server/NetworkObserverRegistry.java,1
packages/SystemUI/src/com/android/systemui/bubbles/BubbleStackView.java,1
services/core/java/com/android/server/wm/TaskPositioningController.java,1
telephony/java/android/telephony/SubscriptionManager.java,2
services/core/java/com/android/server/NetworkManagementService.java,5
services/core/java/com/android/server/notification/PreferencesHelper.java,2
core/java/android/view/contentcapture/ContentCaptureManager.java,1
core/java/android/app/role/RoleManager.java,1
core/java/android/os/Environment.java,1
core/java/android/app/Notification.java,4
services/net/java/android/net/shared/NetworkMonitorUtils.java,1
services/core/java/com/android/server/wm/ActivityTaskManagerInternal.java,2
services/core/java/com/android/server/biometrics/EnrollClient.java,2
wifi/java/android/net/wifi/WifiConfiguration.java,23
services/core/java/com/android/server/wm/WindowSurfaceController.java,2
services/core/java/com/android/server/connectivity/Tethering.java,8
services/core/java/com/android/server/DropBoxManagerService.java,1
services/core/java/com/android/server/wm/TaskTapPointerEventListener.java,7
core/java/android/app/ApplicationLoaders.java,2
core/java/com/android/internal/widget/LockPatternUtils.java,9
media/java/android/mtp/MtpPropertyGroup.java,1
telecomm/java/android/telecom/ParcelableCall.java,2
core/java/android/hardware/camera2/CameraManager.java,4
services/core/java/com/android/server/connectivity/tethering/UpstreamNetworkMonitor.java,3
services/core/java/com/android/server/pm/PackageInstallerSession.java,6
core/java/com/android/internal/app/LocaleStore.java,1
core/java/com/android/internal/app/LocalePicker.java,2
media/java/android/media/PlayerBase.java,2
services/core/java/com/android/server/wm/BarController.java,1
services/core/java/com/android/server/om/OverlayManagerServiceImpl.java,2
core/java/android/view/GestureDetector.java,1
media/java/android/media/MediaRecorder.java,4
services/usage/java/com/android/server/usage/IntervalStats.java,2
services/core/java/com/android/server/input/InputManagerService.java,7
services/core/java/com/android/server/media/projection/MediaProjectionManagerService.java,2
core/java/android/content/pm/PackageParser.java,5
core/java/android/view/Surface.java,2
telephony/java/android/telephony/ims/ImsConferenceState.java,1
core/java/android/view/WindowInsets.java,2
services/core/java/com/android/server/wm/ActivityStackSupervisor.java,14
services/core/java/com/android/server/net/NetworkStatsService.java,5
services/core/java/com/android/server/display/LocalDisplayAdapter.java,14
media/java/android/media/MediaPlayer.java,2
core/java/com/android/internal/widget/DecorCaptionView.java,2
core/java/android/database/sqlite/SQLiteConnection.java,1
telephony/java/android/telephony/data/DataProfile.java,2
services/core/java/com/android/server/wm/WindowManagerInternal.java,3
media/java/android/media/session/MediaController.java,1
services/core/java/com/android/server/policy/WindowManagerPolicy.java,3
services/core/java/com/android/server/audio/AudioDeviceInventory.java,16
services/core/java/com/android/server/connectivity/Nat464Xlat.java,7
services/core/java/com/android/server/connectivity/tethering/IPv6TetheringCoordinator.java,3
packages/SettingsLib/src/com/android/settingslib/wifi/AccessPointPreference.java,5
core/java/android/net/ConnectivityManager.java,6
media/apex/java/android/media/MediaPlayer2.java,1
packages/SettingsLib/src/com/android/settingslib/media/LocalMediaManager.java,1
core/java/android/content/ContentResolver.java,6
wifi/java/android/net/wifi/WifiEnterpriseConfig.java,8
core/java/android/view/autofill/AutofillManager.java,1
services/core/java/com/android/server/wm/RootWindowContainer.java,7
core/java/com/android/internal/os/ZygoteInit.java,10
core/java/android/content/pm/ApplicationInfo.java,12
telecomm/java/android/telecom/ConnectionRequest.java,1
services/core/java/com/android/server/wm/DragState.java,4
services/core/java/com/android/server/lights/LightsService.java,2
services/core/java/com/android/server/BatteryService.java,2
core/java/android/net/NetworkCapabilities.java,1
services/core/java/com/android/server/am/ProcessRecord.java,16
core/java/android/net/captiveportal/CaptivePortalProbeResult.java,1
services/core/java/com/android/server/lights/Light.java,1
core/java/android/os/Handler.java,1
wifi/java/android/net/wifi/WifiManager.java,18
services/core/java/com/android/server/am/BatteryStatsService.java,3
services/core/java/com/android/server/PinnerService.java,3
packages/SettingsProvider/src/com/android/providers/settings/DatabaseHelper.java,9
core/java/android/content/pm/PackageManagerInternal.java,1
packages/SettingsLib/src/com/android/settingslib/applications/ApplicationsState.java,2
services/core/java/com/android/server/connectivity/tethering/TetheringConfiguration.java,7
services/core/java/com/android/server/audio/AudioDeviceBroker.java,23
core/java/android/view/InputWindowHandle.java,2
services/core/java/com/android/server/notification/ManagedServices.java,2
telephony/java/com/android/internal/telephony/SmsApplication.java,3
services/core/java/com/android/server/wm/Task.java,6
core/java/android/database/sqlite/SQLiteDatabase.java,1
telephony/java/com/android/internal/telephony/PhoneConstants.java,2
wifi/java/android/net/wifi/WifiInfo.java,12
services/core/java/com/android/server/notification/NotificationRecord.java,1
core/java/android/os/BatteryManager.java,1
telephony/java/com/android/internal/telephony/ISmsImplBase.java,11
wifi/java/com/android/server/wifi/BaseWifiService.java,13
packages/SettingsLib/src/com/android/settingslib/bluetooth/HidProfile.java,2
core/java/android/app/StatusBarManager.java,1
services/core/java/com/android/server/location/AbstractLocationProvider.java,1
services/core/java/com/android/server/VibratorService.java,2
services/core/java/com/android/server/wm/AccessibilityController.java,2
services/core/java/com/android/server/biometrics/fingerprint/FingerprintService.java,1
telecomm/java/android/telecom/Conference.java,3
services/core/java/com/android/server/pm/DumpState.java,2
telephony/java/android/telephony/SignalStrength.java,2
core/java/android/net/NetworkAgent.java,1
graphics/java/android/graphics/FontFamily.java,1
services/core/java/com/android/server/TelephonyRegistry.java,2
services/core/java/com/android/server/wm/WindowContainer.java,4
core/java/android/hardware/display/DisplayManagerGlobal.java,1
core/java/android/bluetooth/BluetoothAdapter.java,23
core/java/android/widget/Switch.java,2
core/java/com/android/internal/net/NetworkStatsFactory.java,1
packages/CaptivePortalLogin/src/com/android/captiveportallogin/CaptivePortalLoginActivity.java,1
services/accessibility/java/com/android/server/accessibility/AccessibilityInputFilter.java,1
services/core/java/com/android/server/locksettings/LockSettingsStrongAuth.java,2
core/java/android/inputmethodservice/InputMethodService.java,2
core/java/android/widget/ProgressBar.java,2
services/core/java/com/android/server/WiredAccessoryManager.java,6
telecomm/java/android/telecom/ConnectionService.java,10
telephony/java/android/telephony/ims/ImsCallProfile.java,2
services/core/java/com/android/server/power/PowerManagerService.java,3
graphics/java/android/graphics/Bitmap.java,1
services/core/java/com/android/server/am/AppErrors.java,2
core/java/android/widget/ScrollView.java,2
services/core/java/com/android/server/audio/FocusRequester.java,2
services/core/java/com/android/server/am/BroadcastQueue.java,2
wifi/java/android/net/wifi/p2p/WifiP2pGroup.java,2
core/java/android/bluetooth/BluetoothDevice.java,6
services/core/java/com/android/server/power/Notifier.java,2
telephony/java/com/android/internal/telephony/cdma/BearerData.java,3
services/core/java/com/android/server/wm/DockedStackDividerController.java,1
services/core/java/com/android/server/om/OverlayManagerService.java,2
packages/SettingsLib/src/com/android/settingslib/bluetooth/HeadsetProfile.java,1
services/core/java/com/android/server/am/BroadcastRecord.java,2
services/core/java/com/android/server/pm/UserManagerService.java,3
telephony/java/com/android/internal/telephony/DctConstants.java,3
core/java/android/nfc/NfcAdapter.java,2
packages/SettingsLib/src/com/android/settingslib/bluetooth/A2dpProfile.java,5
core/java/android/app/SystemServiceRegistry.java,2
packages/SettingsLib/src/com/android/settingslib/bluetooth/MapProfile.java,1
core/java/android/net/NetworkStats.java,1
services/core/java/com/android/server/media/MediaSessionService.java,3
packages/SettingsLib/src/com/android/settingslib/bluetooth/SapProfile.java,1
services/usb/java/com/android/server/usb/UsbService.java,1
core/java/android/nfc/cardemulation/ApduServiceInfo.java,4
services/core/java/com/android/server/pm/PackageManagerShellCommand.java,2
packages/SettingsLib/src/com/android/settingslib/bluetooth/BluetoothEventManager.java,6
wifi/java/android/net/wifi/p2p/WifiP2pManager.java,5
core/java/android/os/Process.java,7
core/java/com/android/internal/view/BaseIWindow.java,1
services/core/java/com/android/server/DeviceIdleController.java,1
packages/SettingsLib/src/com/android/settingslib/bluetooth/PanProfile.java,1
packages/SettingsLib/src/com/android/settingslib/Utils.java,5
services/core/java/com/android/server/wallpaper/WallpaperManagerService.java,5
services/core/java/com/android/server/wm/TaskRecord.java,2
packages/SettingsLib/src/com/android/settingslib/bluetooth/PbapServerProfile.java,1
packages/SettingsProvider/src/com/android/providers/settings/SettingsProvider.java,2
media/java/android/media/MediaScanner.java,1
media/java/android/media/AudioAttributes.java,1
core/java/android/content/res/Resources.java,1
core/java/android/app/ActivityManagerInternal.java,17
core/java/android/net/LinkProperties.java,1
services/core/java/com/android/server/job/controllers/StateController.java,1
services/core/java/com/android/server/location/GnssGeofenceProvider.java,1
core/java/android/widget/Editor.java,2
core/java/android/app/usage/UsageStats.java,2
core/java/android/os/PowerManager.java,2
telephony/java/android/telephony/ims/ImsReasonInfo.java,5
core/java/android/os/PowerManagerInternal.java,2
core/java/android/content/pm/ActivityInfo.java,1
telephony/java/com/android/ims/ImsConfig.java,1
services/core/java/com/android/server/location/LocationProviderProxy.java,1
telephony/java/android/telephony/DisconnectCause.java,15
core/java/android/view/KeyEvent.java,1
core/java/android/content/res/AssetManager.java,2
services/usb/java/com/android/server/usb/UsbDeviceManager.java,6
services/core/java/com/android/server/wm/AppTransition.java,2
services/core/java/com/android/server/location/GeocoderProxy.java,1
services/core/java/com/android/server/wm/AppWindowContainerController.java,1
libs/WindowManager/Shell/src/com/android/wm/shell/onehanded/OneHandedSettingsUtil.java,1
services/core/java/com/android/server/am/ActivityManagerShellCommand.java,2
services/core/java/com/android/server/display/WifiDisplayAdapter.java,2
services/core/java/com/android/server/biometrics/sensors/BiometricScheduler.java,1
telephony/java/android/telephony/CellSignalStrengthNr.java,2
services/core/java/com/android/server/wm/WindowOrientationListener.java,1
libs/WindowManager/Shell/src/com/android/wm/shell/startingsurface/phone/PhoneStartingWindowTypeAlgorithm.java,1
packages/SettingsLib/src/com/android/settingslib/wifi/WifiStatusTracker.java,5
services/core/java/com/android/server/BluetoothManagerService.java,36
libs/WindowManager/Shell/src/com/android/wm/shell/common/DisplayImeController.java,1
services/core/java/com/android/server/appop/AppOpsService.java,3
services/core/java/com/android/server/SensorPrivacyService.java,1
libs/WindowManager/Shell/src/com/android/wm/shell/onehanded/OneHandedController.java,1
core/java/android/app/ResourcesManager.java,5
core/java/android/view/WindowManagerPolicyConstants.java,2
services/core/java/com/android/server/vibrator/VibrationThread.java,1
core/java/android/content/ClipData.java,1
services/usb/java/com/android/server/usb/UsbUserPermissionManager.java,1
libs/WindowManager/Shell/src/com/android/wm/shell/onehanded/OneHandedTutorialHandler.java,1
services/core/java/com/android/server/wm/TaskOrganizerController.java,1
services/core/java/com/android/server/display/DisplayPowerState.java,2
libs/WindowManager/Shell/src/com/android/wm/shell/startingsurface/SplashscreenContentDrawer.java,1
services/core/java/com/android/server/wm/ScreenRotationAnimation.java,11
packages/SettingsLib/src/com/android/settingslib/graph/SignalDrawable.java,1
libs/WindowManager/Shell/src/com/android/wm/shell/onehanded/OneHandedBackgroundPanelOrganizer.java,1
telephony/java/android/telephony/CellSignalStrengthLte.java,1
services/accessibility/java/com/android/server/accessibility/AccessibilityServiceConnection.java,1
core/tests/coretests/src/android/view/InsetsControllerTest.java,3
core/java/android/hardware/usb/AccessoryFilter.java,1
services/core/java/com/android/server/wm/WallpaperController.java,1
core/java/android/hardware/camera2/impl/CameraDeviceImpl.java,3
services/core/java/com/android/server/pm/PackageDexOptimizer.java,1
services/core/java/com/android/server/pm/AppsFilter.java,1
services/core/java/com/android/server/connectivity/Vpn.java,4
services/core/java/com/android/server/pm/PackageManagerServiceUtils.java,1
services/core/java/com/android/server/wm/WindowManagerDebugConfig.java,1
core/java/android/hardware/Camera.java,2
core/java/com/android/server/SystemConfig.java,1
telephony/java/com/android/internal/telephony/OperatorInfo.java,1
services/core/java/com/android/server/wm/ConfigurationContainer.java,1
services/core/java/com/android/server/audio/PlaybackActivityMonitor.java,1
core/java/android/widget/TimePickerSpinnerDelegate.java,1
core/java/android/os/storage/DiskInfo.java,2
services/appwidget/java/com/android/server/appwidget/AppWidgetService.java,1
media/java/android/media/AudioManager.java,1
core/java/android/view/WindowManager.java,1
core/java/android/content/Context.java,1
services/core/java/com/android/server/wm/WindowToken.java,1
services/core/java/com/android/server/statusbar/StatusBarManagerInternal.java,1
core/java/android/companion/AssociationRequest.java,1
services/core/java/com/android/server/wm/InputManagerCallback.java,1
telephony/common/com/google/android/mms/pdu/PduComposer.java,1
core/java/android/app/admin/DevicePolicyManagerInternal.java,2
services/core/java/com/android/server/wm/EnsureActivitiesVisibleHelper.java,1
packages/SettingsLib/src/com/android/settingslib/net/SignalStrengthUtil.java,1
services/core/java/com/android/server/notification/NotificationUsageStats.java,1
core/java/android/content/pm/split/SplitDependencyLoader.java,1
services/tests/wmtests/src/com/android/server/wm/InsetsStateControllerTest.java,1
core/java/android/app/admin/DeviceAdminInfo.java,1
core/java/android/content/pm/parsing/component/ParsedActivityUtils.java,1
services/core/java/com/android/server/biometrics/Utils.java,2
core/java/android/provider/Telephony.java,1
services/core/java/com/android/server/pm/dex/DexManager.java,1
core/java/android/view/AccessibilityInteractionController.java,1
services/core/java/com/android/server/wm/TaskSnapshotCache.java,1
core/java/android/text/util/Linkify.java,1
core/java/android/os/SystemVibrator.java,1
core/java/android/hardware/display/DisplayManager.java,2
services/core/java/com/android/server/pm/PackageSettingBase.java,1
core/java/android/view/WindowlessWindowManager.java,1
core/java/android/app/TaskInfo.java,1
packages/SettingsLib/src/com/android/settingslib/volume/MediaSessions.java,1
services/core/java/com/android/server/pm/permission/PermissionManagerServiceInternal.java,2
core/java/android/hardware/usb/UsbManager.java,1
graphics/java/android/graphics/fonts/FontFamily.java,1
core/java/android/os/Looper.java,1
core/java/android/net/TrafficStats.java,1
core/java/android/widget/AbsListView.java,3
core/java/com/android/internal/widget/LockPatternView.java,1
services/core/java/com/android/server/wm/InsetsPolicy.java,1
core/java/android/bluetooth/le/BluetoothLeAdvertiser.java,1
packages/SettingsProvider/src/android/provider/settings/validators/SystemSettingsValidators.java,2
services/core/java/com/android/server/display/PersistentDataStore.java,1
services/core/java/com/android/server/net/NetworkStatsAccess.java,1
core/java/android/view/WindowManagerImpl.java,2
apex/jobscheduler/service/java/com/android/server/DeviceIdleController.java,1
services/core/java/com/android/server/pm/BackgroundDexOptService.java,1
packages/SettingsLib/src/com/android/settingslib/datetime/ZoneGetter.java,2
services/tests/wmtests/src/com/android/server/wm/ActivityTaskManagerServiceTests.java,1
services/tests/servicestests/src/com/android/server/pm/AppsFilterTest.java,1
core/java/android/widget/TextView.java,1
core/java/android/accounts/GrantCredentialsPermissionActivity.java,1
services/core/java/com/android/server/pm/ShortcutUser.java,1
core/tests/coretests/src/android/app/servertransaction/TransactionParcelTests.java,1
services/core/java/com/android/server/storage/StorageUserConnection.java,4
media/java/android/media/AudioPlaybackConfiguration.java,1
packages/SettingsLib/src/com/android/settingslib/utils/StringUtil.java,1
services/core/java/com/android/server/wm/DisplayRotation.java,3
services/accessibility/java/com/android/server/accessibility/AccessibilityManagerService.java,1
services/core/java/com/android/server/display/DisplayDevice.java,1
packages/PrintRecommendationService/src/com/android/printservice/recommendation/plugin/hp/ServiceListener.java,1
packages/SettingsProvider/src/com/android/providers/settings/SettingsHelper.java,1
core/java/com/android/internal/app/ChooserListAdapter.java,1
services/appwidget/java/com/android/server/appwidget/AppWidgetServiceImpl.java,1
services/core/java/com/android/server/locksettings/LockSettingsStorage.java,1
core/java/android/net/NetworkTemplate.java,1
services/core/java/com/android/server/wm/RemoteAnimationController.java,1
services/core/java/com/android/server/wm/WindowAnimator.java,1
services/core/java/com/android/server/wm/InsetsStateController.java,1
core/java/android/widget/ToastPresenter.java,1
services/tests/wmtests/src/com/android/server/wm/SizeCompatTests.java,2
services/core/java/com/android/server/RescueParty.java,1
core/java/android/app/Instrumentation.java,3
services/core/java/com/android/server/location/gnss/NtpTimeHelper.java,1
services/tests/wmtests/src/com/android/server/wm/RecentsAnimationControllerTest.java,1
core/java/android/view/InsetsSource.java,1
packages/SettingsLib/src/com/android/settingslib/applications/AppUtils.java,1
services/core/java/com/android/server/policy/keyguard/KeyguardServiceDelegate.java,1
core/java/android/net/NetworkStatsHistory.java,2
telephony/java/com/android/internal/telephony/TelephonyIntents.java,4
services/core/java/com/android/server/pm/PackageSetting.java,1
core/java/android/app/WallpaperManager.java,1
packages/Shell/src/com/android/shell/BugreportWarningActivity.java,1
services/core/java/com/android/server/wm/DisplayFrames.java,1
services/core/java/com/android/server/audio/MediaFocusControl.java,1
services/core/java/com/android/server/appop/HistoricalRegistry.java,5
core/java/android/os/BinderProxy.java,1
services/tests/wmtests/src/com/android/server/wm/WindowTokenTests.java,1
services/core/java/com/android/server/location/gnss/GnssNetworkConnectivityHandler.java,1
core/java/android/view/InsetsController.java,3
core/java/android/hardware/SystemSensorManager.java,1
core/java/android/os/Build.java,1
services/tests/wmtests/src/com/android/server/wm/DisplayPolicyLayoutTests.java,1
services/core/java/com/android/server/wm/TaskChangeNotificationController.java,5
services/core/java/com/android/server/wm/DragDropController.java,1
media/java/android/media/MediaMetadataRetriever.java,1
graphics/java/android/graphics/FontListParser.java,1
services/core/java/com/android/server/wm/DragResizeMode.java,1
core/java/com/android/internal/view/InputConnectionWrapper.java,1
core/java/android/app/WindowConfiguration.java,1
core/java/android/accounts/ChooseAccountTypeActivity.java,1
core/java/android/os/BatteryManagerInternal.java,1
services/core/java/com/android/server/biometrics/BiometricService.java,1
telephony/java/android/telephony/ims/ImsCallSession.java,3
core/java/android/widget/OverScroller.java,2
location/java/android/location/LocationManager.java,17
services/core/java/com/android/server/display/RampAnimator.java,2
core/java/android/bluetooth/le/BluetoothLeScanner.java,1
media/java/android/media/Ringtone.java,1
services/tests/wmtests/src/com/android/server/wm/DisplayContentTests.java,1
core/java/android/app/TaskStackListener.java,5
core/java/com/android/internal/accessibility/AccessibilityShortcutController.java,1
core/java/android/content/res/ResourcesImpl.java,1
core/java/android/content/pm/parsing/ParsingPackageRead.java,1
services/core/java/com/android/server/accounts/AccountManagerService.java,3
apex/jobscheduler/service/java/com/android/server/job/JobSchedulerService.java,1
services/usage/java/com/android/server/usage/UsageStatsService.java,1
core/java/android/content/Intent.java,3
services/core/java/com/android/server/pm/ShortcutPackage.java,1
services/core/java/com/android/server/pm/PreferredComponent.java,1
services/core/java/com/android/server/om/IdmapManager.java,1
services/core/java/com/android/server/net/NetworkStatsSubscriptionsMonitor.java,5
media/java/android/media/MediaRouter2Manager.java,1
core/java/android/hardware/camera2/params/StreamConfigurationMap.java,1
core/java/android/content/pm/parsing/ParsingPackage.java,1
services/core/java/com/android/server/net/NetworkStatsCollection.java,2
telephony/java/android/telephony/NetworkRegistrationInfo.java,1
graphics/java/android/graphics/RecordingCanvas.java,1
media/java/android/media/MediaCodecInfo.java,5
core/java/android/accounts/ChooseTypeAndAccountActivity.java,1
graphics/java/android/graphics/BitmapRegionDecoder.java,1
services/core/java/com/android/server/audio/BtHelper.java,21
services/core/java/com/android/server/wm/InputMonitor.java,1
services/core/java/com/android/server/am/UidRecord.java,1
apex/jobscheduler/framework/java/com/android/server/DeviceIdleInternal.java,1
graphics/java/android/graphics/fonts/SystemFonts.java,1
services/core/java/com/android/server/Watchdog.java,23
services/core/java/com/android/server/wm/AppTransitionController.java,1
core/java/android/widget/CompoundButton.java,1
services/core/java/com/android/server/media/MediaSessionStack.java,1
apex/jobscheduler/service/java/com/android/server/job/controllers/BatteryController.java,1
graphics/java/android/graphics/Typeface.java,1
core/java/android/content/pm/ShortcutManager.java,1
services/core/java/com/android/server/pm/ShortcutService.java,1
core/java/android/net/NetworkIdentity.java,1
packages/DynamicSystemInstallationService/src/com/android/dynsystem/BootCompletedReceiver.java,1
services/core/java/com/android/server/wm/SystemGesturesPointerEventListener.java,1
core/java/android/app/ContextImpl.java,2
keystore/java/android/security/KeyStore.java,1
core/java/android/content/pm/parsing/component/ParsedActivity.java,1
core/java/android/bluetooth/BluetoothGattServer.java,2
core/java/android/content/res/TypedArray.java,1
core/java/android/view/DisplayCutout.java,1
services/core/java/com/android/server/media/MediaRoute2ProviderServiceProxy.java,1
services/core/java/com/android/server/locksettings/SyntheticPasswordManager.java,3
core/java/com/android/internal/os/ZygoteConnection.java,1
telephony/java/android/telephony/ims/stub/ImsConfigImplBase.java,1
services/tests/uiservicestests/src/com/android/server/slice/SliceManagerServiceTest.java,1
core/java/android/app/ActivityOptions.java,1
telephony/java/android/telephony/ims/stub/ImsCallSessionImplBase.java,1
core/java/com/android/internal/notification/SystemNotificationChannels.java,1
services/core/java/com/android/server/display/LogicalDisplay.java,1
services/core/java/com/android/server/am/CachedAppOptimizer.java,11
core/java/android/speech/RecognitionService.java,1
services/core/java/com/android/server/pm/ComponentResolver.java,1
services/tests/wmtests/src/com/android/server/wm/WindowProcessControllerTests.java,1
telephony/common/com/google/android/mms/pdu/PduBody.java,1
services/accessibility/java/com/android/server/accessibility/AbstractAccessibilityServiceConnection.java,1
services/core/java/com/android/server/media/MediaRouter2ServiceImpl.java,1
services/core/java/com/android/server/location/LocationManagerService.java,4
core/java/android/view/InputApplicationHandle.java,1
core/java/android/widget/EdgeEffect.java,1
packages/SystemUI/src/com/android/systemui/statusbar/phone/KeyguardBouncer.java,1
packages/SettingsLib/src/com/android/settingslib/deviceinfo/StorageMeasurement.java,1
core/java/com/android/internal/content/NativeLibraryHelper.java,1
core/java/android/bluetooth/BluetoothHealth.java,1
services/core/java/com/android/server/pm/LauncherAppsService.java,1
services/accessibility/java/com/android/server/accessibility/AccessibilityUserState.java,1
core/java/com/android/internal/util/StateMachine.java,1
services/core/java/com/android/server/wm/WindowFrames.java,1
apex/jobscheduler/service/java/com/android/server/job/controllers/TimeController.java,1
core/java/android/content/ClipDescription.java,1
services/core/java/com/android/server/wm/Letterbox.java,1
core/java/com/android/internal/app/AlertController.java,1
telephony/common/com/android/internal/telephony/SmsApplication.java,1
graphics/java/android/graphics/RenderNode.java,1
core/java/android/net/VpnService.java,1
packages/SettingsLib/src/com/android/settingslib/bluetooth/LocalBluetoothProfileManager.java,16
core/java/android/widget/ImageView.java,1
packages/SettingsLib/src/com/android/settingslib/bluetooth/BluetoothUtils.java,1
core/java/android/bluetooth/BluetoothCodecConfig.java,9
core/java/android/widget/RemoteViews.java,3
services/core/java/com/android/server/display/ColorFade.java,1
services/core/java/com/android/server/wm/ImeInsetsSourceProvider.java,1
services/core/java/com/android/server/wm/ActivityTaskManagerDebugConfig.java,1
telephony/java/android/telephony/DataFailCause.java,1
services/core/java/com/android/server/wm/Session.java,1
services/core/java/com/android/server/wm/ActivityMetricsLogger.java,3
services/core/java/com/android/server/wm/WindowManagerConstants.java,1
core/java/android/bluetooth/BluetoothGatt.java,2
core/java/com/android/internal/os/BinderCallsStats.java,1
core/java/android/app/ActivityManager.java,1
services/core/java/com/android/server/pm/ApexManager.java,1
telephony/java/android/telephony/ims/ImsCallSessionListener.java,3
services/core/java/com/android/server/wm/utils/RotationAnimationUtils.java,1
core/java/android/view/ThreadedRenderer.java,1
core/java/android/view/NotificationHeaderView.java,1
media/java/android/media/AudioDeviceInfo.java,1
graphics/java/android/graphics/BitmapFactory.java,1
packages/SettingsProvider/src/com/android/providers/settings/SettingsState.java,1
core/java/android/service/dreams/DreamService.java,1
graphics/java/android/graphics/FrameInfo.java,1
services/core/java/com/android/server/wm/WindowOrganizerController.java,1
services/core/java/com/android/server/am/PendingIntentRecord.java,2
services/core/java/com/android/server/om/IdmapDaemon.java,1
core/java/android/view/Display.java,1
packages/PrintSpooler/src/com/android/printspooler/model/RemotePrintDocument.java,1
services/core/java/com/android/server/wm/InputConsumerImpl.java,1
services/core/java/com/android/server/pm/CrossProfileAppsServiceImpl.java,2
services/core/java/com/android/server/pm/parsing/PackageInfoUtils.java,1
core/java/android/app/PendingIntent.java,4
packages/SystemUI/src/com/android/systemui/qs/PagedTileLayout.java,2
services/tests/uiservicestests/src/com/android/server/notification/NotificationManagerServiceTest.java,2
keystore/java/android/security/keystore/AttestationUtils.java,1
services/core/java/com/android/server/am/ActivityManagerConstants.java,17
telephony/common/com/android/internal/telephony/TelephonyPermissions.java,1
telephony/java/android/telephony/ims/stub/ImsRegistrationImplBase.java,1
core/java/android/view/ViewConfiguration.java,1
services/core/java/com/android/server/wm/PointerEventDispatcher.java,1
services/core/java/com/android/server/wm/AlertWindowNotification.java,1
core/java/android/view/ViewGroup.java,1
core/java/android/view/ImeInsetsSourceConsumer.java,1
core/java/android/hardware/camera2/CameraDevice.java,3
core/tests/coretests/src/com/android/internal/app/ChooserWrapperActivity.java,1
core/java/android/content/pm/dex/DexMetadataHelper.java,1
core/java/android/appwidget/AppWidgetHostView.java,1
services/core/java/com/android/server/connectivity/MultipathPolicyTracker.java,1
services/tests/uiservicestests/src/com/android/server/notification/BuzzBeepBlinkTest.java,2
core/java/android/view/InsetsState.java,1
services/core/java/com/android/server/wm/WallpaperWindowToken.java,1
core/java/android/content/pm/parsing/ParsingPackageImpl.java,1
core/java/android/hardware/Sensor.java,1
core/java/com/android/internal/infra/AbstractRemoteService.java,1
services/core/java/com/android/server/locksettings/LockSettingsShellCommand.java,1
core/java/com/android/internal/widget/FloatingToolbar.java,1
core/java/com/android/internal/os/BatteryStatsImpl.java,1
services/core/java/com/android/server/wm/ImmersiveModeConfirmation.java,1
services/core/java/com/android/server/wm/TaskPersister.java,1
telephony/common/com/google/android/mms/pdu/PduPersister.java,1
services/core/java/com/android/server/pm/dex/DexoptOptions.java,1
core/java/android/view/InputEventReceiver.java,5
core/java/android/service/wallpaper/WallpaperService.java,2
core/java/android/app/admin/SecurityLog.java,1
core/java/android/bluetooth/le/ScanSettings.java,1
services/core/java/com/android/server/MasterClearReceiver.java,1
services/tests/wmtests/src/com/android/server/wm/TaskTests.java,1
media/java/android/media/AudioDeviceAttributes.java,1
services/companion/java/com/android/server/companion/CompanionDeviceManagerService.java,1
media/java/android/media/AudioFormat.java,5
core/java/android/view/Choreographer.java,7
services/core/java/com/android/server/display/OverlayDisplayWindow.java,1
core/java/android/accounts/ChooseAccountActivity.java,1
core/java/android/app/admin/SystemUpdateInfo.java,1
services/core/java/com/android/server/wm/TaskDisplayArea.java,11
core/java/android/hardware/camera2/impl/CameraMetadataNative.java,1
core/java/com/android/internal/content/FileSystemProvider.java,1
services/devicepolicy/java/com/android/server/devicepolicy/DevicePolicyCacheImpl.java,1
telephony/java/android/telephony/CellIdentityNr.java,6
services/core/java/com/android/server/pm/StagingManager.java,1
core/java/android/hardware/fingerprint/FingerprintManager.java,2
core/java/com/android/internal/os/BatteryStatsHelper.java,1
location/java/android/location/Location.java,1
core/java/android/text/FontConfig.java,1
core/java/android/content/pm/parsing/ApkLiteParseUtils.java,1
services/core/java/com/android/server/wm/ActivityStartController.java,1
services/core/java/com/android/server/location/gnss/GnssLocationProvider.java,2
core/java/android/telephony/TelephonyRegistryManager.java,1
services/tests/uiservicestests/src/com/android/server/notification/RoleObserverTest.java,1
services/core/java/com/android/server/wm/DisplayArea.java,1
services/core/java/com/android/server/storage/DeviceStorageMonitorService.java,1
media/java/android/media/MediaRouter.java,1
core/java/android/view/textclassifier/TextSelection.java,1
media/java/android/media/AudioSystem.java,3
core/java/android/content/pm/parsing/ParsingPackageUtils.java,1
core/java/com/android/internal/view/menu/MenuBuilder.java,1
services/voiceinteraction/java/com/android/server/voiceinteraction/VoiceInteractionManagerService.java,1
services/core/java/com/android/server/wm/InsetsControlTarget.java,1
services/core/java/com/android/server/wm/WindowAnimationSpec.java,1
services/core/java/com/android/server/textclassifier/TextClassificationManagerService.java,1
core/java/android/hardware/input/InputManagerInternal.java,1
services/core/java/android/content/pm/PackageManagerInternal.java,1
services/core/java/com/android/server/wm/DisplayWindowSettings.java,1
core/java/android/widget/SeekBar.java,1
services/core/java/com/android/server/wm/TaskLaunchParamsModifier.java,1
telephony/java/android/telephony/CellSignalStrength.java,1
services/tests/wmtests/src/com/android/server/wm/InsetsPolicyTest.java,1
services/usb/java/com/android/server/usb/UsbHostManager.java,1
telephony/java/android/telephony/ims/feature/MmTelFeature.java,3
packages/SettingsLib/src/com/android/settingslib/wifi/WifiUtils.java,5
services/tests/wmtests/src/com/android/server/wm/DisplayAreaTest.java,1
services/core/java/com/android/server/content/ContentService.java,1
services/core/java/com/android/server/wm/LockTaskController.java,1
core/java/android/bluetooth/le/AdvertisingSet.java,1
packages/SystemUI/src/com/android/systemui/statusbar/policy/MobileSignalController.java,39
packages/SettingsLib/src/com/android/settingslib/wifi/AccessPoint.java,17
wifi/java/android/net/wifi/ScanResult.java,13
packages/SystemUI/src/com/android/keyguard/KeyguardSimPukView.java,5
packages/SystemUI/src/com/android/systemui/doze/DozeService.java,2
packages/SystemUI/src/com/android/keyguard/KeyguardSimPinView.java,7
packages/SystemUI/src/com/android/systemui/qs/tiles/HotspotTile.java,6
packages/SystemUI/src/com/android/keyguard/CarrierTextController.java,10
packages/SystemUI/src/com/android/systemui/statusbar/StatusBarMobileView.java,6
packages/SystemUI/src/com/android/systemui/statusbar/phone/PanelView.java,17
packages/SystemUI/src/com/android/systemui/qs/QSPanel.java,15
packages/SystemUI/src/com/android/systemui/statusbar/policy/NetworkControllerImpl.java,19
tests/net/java/com/android/server/ConnectivityServiceTest.java,4
services/core/java/com/android/server/connectivity/KeepaliveTracker.java,2
packages/SystemUI/tests/src/com/android/systemui/qs/QSFooterImplTest.java,2
packages/SystemUI/src/com/android/systemui/statusbar/policy/TelephonyIcons.java,6
location/java/com/android/internal/location/GpsNetInitiatedHandler.java,4
packages/SystemUI/src/com/android/systemui/qs/QSFooterImpl.java,2
core/java/android/service/carrier/CarrierIdentifier.java,4
packages/SystemUI/tests/src/com/android/systemui/statusbar/policy/NetworkControllerBaseTest.java,7
services/core/java/com/android/server/am/ActivityRecord.java,8
packages/SystemUI/src/com/android/keyguard/KeyguardUpdateMonitor.java,13
packages/SystemUI/src/com/android/systemui/statusbar/policy/HotspotControllerImpl.java,9
services/core/java/com/android/server/wm/ActivityDisplay.java,8
packages/SystemUI/src/com/android/keyguard/CarrierText.java,2
telephony/java/android/telephony/ims/compat/stub/ImsCallSessionImplBase.java,2
telecomm/java/android/telecom/Connection.java,11
services/net/java/android/net/ip/IpClient.java,2
services/core/java/com/android/server/pm/PackageVerificationState.java,2
packages/SystemUI/src/com/android/systemui/statusbar/policy/WifiSignalController.java,21
telephony/java/com/android/internal/telephony/RILConstants.java,4
services/tests/uiservicestests/src/com/android/server/notification/NotificationRecordTest.java,4
packages/SystemUI/src/com/android/systemui/statusbar/phone/StatusBarIconList.java,2
media/java/android/media/MediaFormat.java,2
packages/SettingsLib/tests/robotests/src/com/android/settingslib/fuelgauge/PowerWhitelistBackendTest.java,4
services/core/java/com/android/server/am/ActivityStackSupervisor.java,6
services/core/java/com/android/server/am/ActivityStarter.java,3
services/core/java/com/android/server/am/ActivityStack.java,7
services/accessibility/java/com/android/server/accessibility/UiAutomationManager.java,2
packages/SystemUI/src/com/android/systemui/statusbar/phone/NavigationBarFragment.java,2
telecomm/java/android/telecom/TelecomManager.java,2
core/java/android/bluetooth/le/ScanRecord.java,2
services/net/java/android/net/dhcp/DhcpPacket.java,2
media/java/android/media/MediaFile.java,2
core/java/android/bluetooth/le/ScanFilter.java,4
packages/SettingsLib/tests/robotests/src/com/android/settingslib/bluetooth/A2dpProfileTest.java,2
core/java/android/util/TrustedTime.java,4
core/java/android/nfc/cardemulation/AidGroup.java,2
packages/SystemUI/src/com/android/keyguard/KeyguardConstants.java,2
services/core/java/com/android/server/NetworkTimeUpdateService.java,2
services/core/java/com/android/server/am/AppTaskImpl.java,2
services/core/java/com/android/server/om/OverlayManagerSettings.java,2
services/core/java/com/android/server/connectivity/tethering/TetherInterfaceStateMachine.java,2
packages/SystemUI/src/com/android/systemui/statusbar/SignalClusterView.java,2
packages/SystemUI/src/com/android/systemui/statusbar/phone/KeyguardBottomAreaView.java,10
telecomm/java/android/telecom/Call.java,6
packages/SettingsLib/src/com/android/settingslib/wifi/WifiEntryPreference.java,4
packages/SystemUI/src/com/android/systemui/ScreenDecorations.java,7
packages/Tethering/src/com/android/networkstack/tethering/TetheringConfiguration.java,2
packages/Tethering/common/TetheringLib/src/android/net/TetheringManager.java,6
packages/Tethering/src/com/android/networkstack/tethering/Tethering.java,2
packages/Tethering/src/android/net/ip/IpServer.java,10
packages/SystemUI/src/com/android/systemui/statusbar/phone/PhoneStatusBarPolicy.java,14
packages/SystemUI/src/com/android/systemui/CornerHandleView.java,3
telephony/java/android/telephony/CellIdentityTdscdma.java,2
telephony/java/android/telephony/CellIdentityWcdma.java,2
telephony/java/android/telephony/CellIdentityLte.java,2
services/core/java/com/android/server/location/GnssNetworkConnectivityHandler.java,2
packages/Tethering/src/com/android/server/connectivity/tethering/Tethering.java,4
core/java/android/view/InsetsSourceConsumer.java,2
wifi/java/android/net/wifi/SoftApConfiguration.java,10
core/java/android/view/InsetsSourceControl.java,2
packages/SystemUI/src/com/android/systemui/keyguard/KeyguardViewMediator.java,6
packages/SystemUI/src/com/android/systemui/statusbar/phone/PanelViewController.java,5
services/core/java/com/android/server/display/WifiDisplayController.java,6
packages/SystemUI/src/com/android/systemui/qs/QSCarrierGroupController.java,2
packages/SystemUI/src/com/android/systemui/statusbar/phone/StatusBarSignalPolicy.java,6
packages/SystemUI/tests/src/com/android/systemui/qs/QSCarrierGroupControllerTest.java,2
packages/SystemUI/tests/src/com/android/systemui/statusbar/policy/CallbackHandlerTest.java,5
core/java/com/android/ims/internal/uce/common/CapInfo.java,5
packages/SystemUI/src/com/android/systemui/qs/tiles/CellularTile.java,4
packages/SystemUI/src/com/android/systemui/statusbar/policy/CallbackHandler.java,5
packages/SystemUI/src/com/android/systemui/statusbar/policy/NetworkController.java,4
core/java/android/accounts/AccountManager.java,3
wifi/java/android/net/wifi/wificond/WifiCondManager.java,2
packages/Tethering/src/com/android/server/connectivity/tethering/TetheringConfiguration.java,4
telephony/java/android/telephony/PhoneNumberUtils.java,2
core/java/android/util/NtpTrustedTime.java,2
packages/Tethering/src/com/android/server/connectivity/tethering/UpstreamNetworkMonitor.java,2
packages/SystemUI/src/com/android/keyguard/EmergencyButton.java,3
telephony/java/android/telephony/CellInfoNr.java,2
wifi/java/android/net/wifi/p2p/WifiP2pWfdInfo.java,2
packages/SystemUI/src/com/android/systemui/qs/QSCarrierGroup.java,3
telephony/java/com/android/internal/telephony/uicc/IccUtils.java,3
packages/SystemUI/src/com/android/systemui/util/sensors/AsyncSensorManager.java,3
packages/SystemUI/src/com/android/systemui/statusbar/phone/StatusBar.java,13
packages/SystemUI/src/com/android/systemui/classifier/brightline/BrightLineFalsingManager.java,7
packages/SystemUI/src/com/android/systemui/doze/DozeFactory.java,7
packages/SystemUI/src/com/android/systemui/doze/DozeSensors.java,8
packages/SystemUI/tests/src/com/android/systemui/classifier/FalsingManagerProxyTest.java,2
packages/SystemUI/src/com/android/systemui/classifier/FalsingManagerProxy.java,7
packages/SystemUI/src/com/android/systemui/statusbar/notification/collection/NotificationEntry.java,7
packages/SystemUI/src/com/android/systemui/keyguard/KeyguardSliceProvider.java,5
services/core/java/com/android/server/locksettings/PasswordSlotManager.java,2
packages/SystemUI/src/com/android/systemui/statusbar/notification/stack/NotificationStackScrollLayout.java,5
services/tests/mockingservicestests/src/com/android/server/appop/AppOpsServiceTest.java,2
packages/SystemUI/src/com/android/systemui/statusbar/notification/row/wrapper/NotificationMediaTemplateViewWrapper.java,5
packages/SystemUI/tests/src/com/android/systemui/keyguard/KeyguardSliceProviderTest.java,5
packages/SystemUI/src/com/android/systemui/statusbar/phone/LockIcon.java,4
packages/SystemUI/src/com/android/systemui/statusbar/phone/BiometricUnlockController.java,5
packages/SystemUI/shared/src/com/android/systemui/shared/system/TaskStackChangeListeners.java,4
core/java/android/net/NetworkUtils.java,2
core/java/android/net/DnsResolver.java,2
core/java/android/permission/PermissionControllerManager.java,2
services/tests/wmtests/src/com/android/server/wm/ActivityRecordTests.java,1
packages/SystemUI/src/com/android/systemui/statusbar/notification/stack/NotificationStackScrollLayoutController.java,1
packages/SystemUI/src/com/android/systemui/statusbar/connectivity/NetworkControllerImpl.java,1
packages/SystemUI/tests/src/com/android/systemui/qs/carrier/QSCarrierGroupControllerTest.java,3
packages/SystemUI/src/com/android/systemui/biometrics/UdfpsEnrollProgressBarDrawable.java,3
packages/SystemUI/src/com/android/systemui/qs/tiles/dialog/InternetDialogController.java,1
packages/SystemUI/tests/src/com/android/systemui/statusbar/connectivity/CallbackHandlerTest.java,1
packages/SystemUI/tests/src/com/android/systemui/statusbar/phone/NotificationPanelViewControllerTest.java,1
packages/SystemUI/src/com/android/systemui/statusbar/phone/NotificationPanelViewController.java,7
packages/SystemUI/src/com/android/systemui/qs/tiles/dialog/InternetDialog.java,1
services/core/java/com/android/server/wm/ActivityTaskSupervisor.java,3
packages/SystemUI/src/com/android/systemui/statusbar/notification/stack/StackScrollAlgorithm.java,4
packages/SystemUI/src/com/android/systemui/statusbar/connectivity/WifiSignalController.java,1
packages/SystemUI/shared/src/com/android/systemui/shared/plugins/PluginManagerImpl.java,1
services/core/java/com/android/server/display/DisplayModeDirector.java,6
packages/SystemUI/src/com/android/systemui/statusbar/KeyguardIndicationController.java,6
packages/SystemUI/src/com/android/keyguard/LockIconViewController.java,2
services/tests/servicestests/src/com/android/server/display/DisplayModeDirectorTest.java,5
packages/SystemUI/src/com/android/systemui/biometrics/UdfpsKeyguardViewController.java,2
packages/SystemUI/tests/src/com/android/systemui/doze/DozeScreenBrightnessTest.java,2
packages/SystemUI/tests/src/com/android/systemui/qs/QSTileHostTest.java,3
packages/SystemUI/tests/src/com/android/systemui/statusbar/phone/StatusBarTest.java,2
packages/SystemUI/src/com/android/systemui/biometrics/UdfpsController.java,2
packages/SystemUI/tests/src/com/android/systemui/biometrics/UdfpsKeyguardViewControllerTest.java,2
packages/SystemUI/tests/src/com/android/systemui/keyguard/KeyguardViewMediatorTest.java,1
packages/SystemUI/tests/src/com/android/systemui/statusbar/phone/NotificationShadeWindowViewTest.java,2
packages/SystemUI/src/com/android/systemui/biometrics/UdfpsEnrollHelper.java,2
packages/SystemUI/src/com/android/systemui/biometrics/UdfpsEnrollView.java,2
packages/SystemUI/src/com/android/keyguard/LockIconView.java,2
packages/SystemUI/src/com/android/systemui/biometrics/AuthController.java,2
packages/SystemUI/src/com/android/systemui/doze/DozeScreenBrightness.java,3
core/java/com/android/ims/internal/uce/presence/PresSipResponse.java,1
core/java/com/android/ims/internal/uce/presence/PresTupleInfo.java,1
core/java/com/android/ims/internal/uce/options/OptionsSipResponse.java,1
packages/SystemUI/tests/src/com/android/systemui/statusbar/phone/NotificationPanelViewTest.java,5
services/core/java/com/android/server/wm/RefreshRatePolicy.java,2
packages/SystemUI/src/com/android/systemui/media/MediaControlPanel.java,1
packages/SystemUI/src/com/android/keyguard/KeyguardVisibilityHelper.java,1
core/java/android/bluetooth/le/PeriodicAdvertisingManager.java,1
services/core/java/com/android/server/connectivity/NetworkRanker.java,2
services/voiceinteraction/java/com/android/server/soundtrigger/SoundTriggerService.java,1
packages/SystemUI/src/com/android/systemui/BatteryMeterView.java,3
packages/SystemUI/src/com/android/keyguard/KeyguardSecurityModel.java,2
packages/SystemUI/src/com/android/systemui/qs/tiles/CastTile.java,4
services/devicepolicy/java/com/android/server/devicepolicy/BaseIDevicePolicyManager.java,3
packages/SystemUI/src/com/android/systemui/qs/carrier/QSCarrierGroupController.java,1
services/core/java/com/android/server/display/LogicalDisplayMapper.java,4
packages/SystemUI/src/com/android/systemui/qs/tiles/InternetTile.java,1
core/java/android/content/res/CompatibilityInfo.java,2
core/java/android/util/apk/ApkSignatureVerifier.java,1
telephony/java/android/telephony/AccessNetworkConstants.java,1
packages/SettingsLib/src/com/android/settingslib/mobile/TelephonyIcons.java,1
core/java/android/bluetooth/BluetoothManager.java,1
core/java/android/bluetooth/BluetoothProfile.java,1
wifi/java/android/net/wifi/SoftApCapability.java,1
services/core/java/com/android/server/am/AppProfiler.java,1
core/java/android/bluetooth/le/AdvertiseData.java,1
wifi/java/android/net/wifi/nl80211/WifiNl80211Manager.java,1
tests/net/java/com/android/server/net/NetworkStatsCollectionTest.java,1
packages/SystemUI/src/com/android/keyguard/KeyguardPatternView.java,2
packages/SystemUI/src/com/android/keyguard/KeyguardAbsKeyInputView.java,1
packages/SystemUI/tests/src/com/android/systemui/appops/AppOpsControllerTest.java,3
core/java/android/hardware/camera2/utils/SurfaceUtils.java,1
packages/SystemUI/tests/src/com/android/systemui/qs/tiles/dialog/InternetDialogTest.java,1
packages/SystemUI/src/com/android/systemui/statusbar/phone/fragment/CollapsedStatusBarFragment.java,4
packages/SettingsProvider/src/android/provider/settings/backup/SecureSettings.java,2
services/core/java/com/android/server/fingerprint/AuthenticationClient.java,1
services/core/java/com/android/server/policy/keyguard/KeyguardStateMonitor.java,4
core/java/android/text/TextLine.java,1
services/core/java/com/android/server/AppOpsService.java,1
services/core/java/com/android/server/am/ActivityStartController.java,1
packages/SystemUI/src/com/android/systemui/statusbar/policy/Clock.java,3
packages/SystemUI/src/com/android/systemui/globalactions/GlobalActionsDialog.java,3
telephony/java/android/provider/Telephony.java,3
packages/SettingsLib/src/com/android/settingslib/dream/DreamBackend.java,1
packages/SystemUI/src/com/android/systemui/statusbar/phone/StatusBarWindowView.java,1
packages/SystemUI/src/com/android/systemui/statusbar/phone/NavigationModeController.java,2
core/java/com/android/internal/util/ScreenshotHelper.java,2
packages/SystemUI/src/com/android/systemui/screenshot/GlobalScreenshot.java,3
packages/SystemUI/src/com/android/systemui/appops/AppOpsControllerImpl.java,3
packages/SystemUI/src/com/android/systemui/statusbar/NotificationShelf.java,3
packages/SystemUI/src/com/android/systemui/glwallpaper/ImageRevealHelper.java,1
packages/SystemUI/src/com/android/systemui/classifier/brightline/ProximityClassifier.java,2
packages/SystemUI/src/com/android/systemui/statusbar/phone/NotificationPanelView.java,3
packages/SystemUI/src/com/android/systemui/ImageWallpaper.java,1
packages/SystemUI/tests/src/com/android/systemui/statusbar/notification/stack/NotificationStackScrollLayoutTest.java,4
packages/SystemUI/src/com/android/systemui/glwallpaper/ImageWallpaperRenderer.java,1
packages/SystemUI/src/com/android/systemui/statusbar/phone/PhoneStatusBarTransitions.java,1
tests/net/java/android/net/netlink/InetDiagSocketTest.java,1
packages/SystemUI/src/com/android/systemui/SlicePermissionActivity.java,1
packages/CompanionDeviceManager/src/com/android/companiondevicemanager/DeviceChooserActivity.java,1
packages/SystemUI/src/com/android/systemui/statusbar/phone/EdgeBackGestureHandler.java,3
packages/SystemUI/src/com/android/systemui/qs/QuickStatusBarHeader.java,1
packages/SystemUI/src/com/android/systemui/statusbar/phone/ScrimController.java,1
packages/SystemUI/src/com/android/keyguard/KeyguardUpdateMonitorCallback.java,1
packages/SystemUI/src/com/android/systemui/statusbar/phone/NotificationIconContainer.java,1
packages/SystemUI/src/com/android/systemui/qs/QSFragment.java,1
packages/SystemUI/src/com/android/systemui/statusbar/phone/DozeParameters.java,1
packages/SettingsLib/src/com/android/settingslib/fuelgauge/BatteryStatus.java,1
packages/SystemUI/src/com/android/systemui/statusbar/policy/BatteryControllerImpl.java,2
packages/SystemUI/src/com/android/systemui/Dependency.java,2
telephony/java/com/android/internal/telephony/SmsCbMessage.java,1
packages/SystemUI/tests/src/com/android/systemui/qs/QSCarrierGroupTest.java,1
packages/SystemUI/src/com/android/keyguard/KeyguardClockSwitchController.java,1
services/tests/mockingservicestests/src/com/android/server/sensorprivacy/SensorPrivacyServiceMockingTest.java,1
core/java/android/hardware/face/FaceManager.java,1
core/java/android/hardware/camera2/impl/CameraAdvancedExtensionSessionImpl.java,1
