,Merge,Conf_files,Conf_javas,Conf_details,Loc,Loc_details
0,64c414abd49acc8d488837ab90b51d822c23e66d,2,2,"['services/core/java/com/android/server/display/RampAnimator.java', 'services/core/java/com/android/server/audio/BtHelper.java']",69,"[2, 67]"
1,15d9159eb00fb7fd92f9dc249af588f655fd8f66,3,3,"['services/tests/wmtests/src/com/android/server/wm/ActivityRecordTests.java', 'services/core/java/com/android/server/pm/PackageManagerService.java']",1,"[0, 1]"
2,26017c68ee11d3f2d54ca731119c8dc4ddb842cf,37,32,"['packages/SystemUI/src/com/android/systemui/statusbar/notification/stack/NotificationStackScrollLayoutController.java', 'packages/SystemUI/src/com/android/systemui/statusbar/connectivity/NetworkControllerImpl.java', 'services/core/java/com/android/server/display/LocalDisplayAdapter.java', 'services/core/java/com/android/server/audio/AudioService.java', 'services/core/java/com/android/server/audio/AudioDeviceInventory.java', 'packages/SettingsLib/src/com/android/settingslib/bluetooth/CachedBluetoothDevice.java', 'core/java/android/app/ContextImpl.java', 'packages/SystemUI/tests/src/com/android/systemui/qs/carrier/QSCarrierGroupControllerTest.java', 'packages/SystemUI/src/com/android/systemui/biometrics/UdfpsEnrollProgressBarDrawable.java', 'packages/SystemUI/src/com/android/systemui/qs/tiles/dialog/InternetDialogController.java', 'telephony/java/android/telephony/CarrierConfigManager.java', 'services/core/java/com/android/server/wm/RootWindowContainer.java', 'packages/SystemUI/tests/src/com/android/systemui/statusbar/connectivity/CallbackHandlerTest.java', 'packages/SystemUI/tests/src/com/android/systemui/statusbar/phone/NotificationPanelViewControllerTest.java', 'packages/SystemUI/src/com/android/systemui/statusbar/phone/NotificationPanelViewController.java', 'services/tests/wmtests/src/com/android/server/wm/SizeCompatTests.java', 'services/core/java/com/android/server/am/CachedAppOptimizer.java', 'packages/SystemUI/src/com/android/systemui/ScreenDecorations.java', 'services/core/java/com/android/server/wm/DisplayPolicy.java', 'services/core/java/com/android/server/display/DisplayManagerService.java', 'services/core/java/com/android/server/wm/ActivityRecord.java', 'services/core/java/com/android/server/BluetoothManagerService.java', 'packages/SystemUI/src/com/android/systemui/qs/tiles/dialog/InternetDialog.java', 'services/core/java/com/android/server/wm/WindowManagerService.java', 'services/core/java/com/android/server/wm/ActivityStarter.java', 'services/core/java/com/android/server/wm/ActivityTaskSupervisor.java', 'services/core/java/com/android/server/wm/ScreenRotationAnimation.java', 'packages/SystemUI/src/com/android/systemui/statusbar/notification/stack/StackScrollAlgorithm.java', 'services/core/java/com/android/server/wm/Task.java', 'core/java/android/view/SurfaceControl.java', 'core/java/android/view/SurfaceView.java', 'packages/SystemUI/src/com/android/systemui/statusbar/connectivity/WifiSignalController.java']",119,"[1, 0, 0, 0, 1, 0, 1, 1, 7, 1, 0, 0, 1, 25, 9, 23, 0, 2, 31, 0, 0, 0, 1, 0, 0, 5, 0, 5, 0, 0, 4, 1]"
3,022e461c46ee3629d43ba134e977a0f3353c8782,2,2,"['packages/SystemUI/shared/src/com/android/systemui/shared/plugins/PluginManagerImpl.java', 'services/core/java/com/android/server/display/DisplayModeDirector.java']",23,"[0, 23]"
4,1aba3d5aacfa8a9ae30d9d8ae0229434c5e5f565,1,1,['services/core/java/com/android/server/wallpaper/WallpaperManagerService.java'],1,[1]
5,3e8cb98421761bb7dfafe59a22a15fe2e176f272,27,25,"['services/core/java/com/android/server/audio/AudioService.java', 'services/core/java/com/android/server/pm/PackageManagerService.java', 'packages/SystemUI/src/com/android/systemui/statusbar/KeyguardIndicationController.java', 'packages/SystemUI/src/com/android/systemui/biometrics/UdfpsEnrollProgressBarDrawable.java', 'packages/SystemUI/src/com/android/keyguard/LockIconViewController.java', 'services/tests/servicestests/src/com/android/server/display/DisplayModeDirectorTest.java', 'packages/SystemUI/src/com/android/systemui/biometrics/UdfpsKeyguardViewController.java', 'telephony/java/android/telephony/CarrierConfigManager.java', 'packages/SystemUI/tests/src/com/android/systemui/doze/DozeScreenBrightnessTest.java', 'packages/SystemUI/tests/src/com/android/systemui/qs/QSTileHostTest.java', 'packages/SystemUI/tests/src/com/android/systemui/statusbar/phone/StatusBarTest.java', 'services/core/java/com/android/server/display/DisplayModeDirector.java', 'packages/SettingsLib/src/com/android/settingslib/wifi/WifiStatusTracker.java', 'packages/SystemUI/src/com/android/systemui/biometrics/UdfpsController.java', 'services/core/java/com/android/server/BluetoothManagerService.java', 'packages/SystemUI/tests/src/com/android/systemui/biometrics/UdfpsKeyguardViewControllerTest.java', 'packages/SystemUI/tests/src/com/android/systemui/keyguard/KeyguardViewMediatorTest.java', 'core/java/android/service/wallpaper/WallpaperService.java', 'packages/SystemUI/tests/src/com/android/systemui/statusbar/phone/NotificationShadeWindowViewTest.java', 'packages/SystemUI/src/com/android/systemui/biometrics/UdfpsEnrollHelper.java', 'packages/SystemUI/src/com/android/systemui/biometrics/UdfpsEnrollView.java', 'packages/SystemUI/src/com/android/keyguard/LockIconView.java', 'packages/SystemUI/src/com/android/systemui/biometrics/AuthController.java', 'packages/SystemUI/src/com/android/systemui/statusbar/policy/NetworkControllerImpl.java', 'packages/SystemUI/src/com/android/systemui/doze/DozeScreenBrightness.java']",368,"[8, 3, 1, 88, 2, 28, 12, 1, 6, 0, 28, 30, 2, 3, 21, 58, 26, 1, 4, 12, 6, 19, 4, 3, 2]"
6,48cbb14e1815430efd7ff5086e7a4c70e75d475f,1,1,['services/core/java/com/android/server/pm/PackageManagerService.java'],1,[1]
7,5c357c4fe61f3d66699b71d0dc43a1dc5e2ea331,5,5,"['core/java/com/android/ims/internal/uce/common/CapInfo.java', 'core/java/com/android/ims/internal/uce/presence/PresSipResponse.java', 'services/core/java/com/android/server/pm/PackageManagerService.java', 'core/java/com/android/ims/internal/uce/presence/PresTupleInfo.java', 'core/java/com/android/ims/internal/uce/options/OptionsSipResponse.java']",13,"[11, 0, 2, 0, 0]"
8,b27a68d77e02edbe1ca69d8a1481c8349f9bb4c0,1,1,['core/java/android/bluetooth/BluetoothAdapter.java'],0,[0]
9,ab1e0271287465c071b9b6ba89e6845fd7161063,1,1,['services/core/java/com/android/server/am/CachedAppOptimizer.java'],2,[2]
10,9d10272031d3f400d399db45927abf3be739b074,7,7,"['packages/SystemUI/src/com/android/systemui/statusbar/phone/NotificationPanelViewController.java', 'services/core/java/com/android/server/BluetoothManagerService.java', 'services/core/java/com/android/server/am/CachedAppOptimizer.java', 'services/core/java/com/android/server/net/NetworkStatsService.java', 'packages/SystemUI/src/com/android/systemui/statusbar/phone/KeyguardBottomAreaView.java', 'core/java/android/bluetooth/le/ScanFilter.java', 'packages/SystemUI/tests/src/com/android/systemui/statusbar/phone/NotificationPanelViewTest.java']",38,"[3, 9, 1, 2, 1, 20, 2]"
11,dc5ea9d31ab76ba378da9c550813e6b7d8be1e69,1,1,['services/core/java/com/android/server/am/ActivityManagerConstants.java'],3,[3]
12,02a7ee5d65cb8d40fd1dde9aaf6b5ead9222a5a6,12,10,"['core/java/android/bluetooth/BluetoothAdapter.java', 'services/core/java/com/android/server/wm/RefreshRatePolicy.java', 'core/java/android/app/ActivityManagerInternal.java', 'packages/SystemUI/src/com/android/systemui/statusbar/phone/NotificationPanelViewController.java', 'packages/SystemUI/src/com/android/systemui/statusbar/StatusBarMobileView.java', 'packages/SystemUI/src/com/android/systemui/statusbar/policy/MobileSignalController.java', 'packages/SettingsLib/src/com/android/settingslib/wifi/WifiStatusTracker.java', 'packages/SystemUI/tests/src/com/android/systemui/statusbar/phone/NotificationPanelViewTest.java', 'services/core/java/com/android/server/am/ActivityManagerConstants.java', 'packages/SystemUI/src/com/android/systemui/statusbar/policy/WifiSignalController.java']",45,"[5, 1, 10, 1, 8, 2, 1, 4, 2, 11]"
13,8507fe74dccb3114f7942bb3ca2087dab2c890e6,1,0,[],0,[]
14,4c3d4ac80fe9f0fb4fbb4fcffcd2ba3f4e6fca6c,1,1,['core/java/android/app/PendingIntent.java'],9,[9]
15,b6d6690a3594cd78966e26508247d4ab1b66776f,10,6,"['core/java/android/bluetooth/BluetoothAdapter.java', 'services/core/java/com/android/server/pm/PackageManagerService.java', 'packages/SystemUI/src/com/android/systemui/statusbar/phone/NotificationPanelViewController.java', 'core/java/android/app/PendingIntent.java', 'packages/SystemUI/src/com/android/systemui/statusbar/phone/PanelViewController.java', 'core/java/android/bluetooth/BluetoothHeadset.java']",25,"[2, 2, 1, 10, 1, 9]"
16,71c831703ae59baf47e0afe611fecd714c481cdf,17,11,"['packages/SystemUI/src/com/android/systemui/media/MediaControlPanel.java', 'services/core/java/com/android/server/location/LocationManagerService.java', 'services/core/java/com/android/server/wm/RefreshRatePolicy.java', 'services/core/java/com/android/server/Watchdog.java', 'packages/SystemUI/src/com/android/systemui/statusbar/phone/NotificationPanelViewController.java', 'packages/SystemUI/src/com/android/keyguard/KeyguardVisibilityHelper.java', 'services/core/java/com/android/server/wm/ActivityRecord.java', 'services/core/java/com/android/server/wm/Task.java', 'services/core/java/com/android/server/am/ActiveServices.java', 'packages/SystemUI/src/com/android/systemui/statusbar/phone/KeyguardBottomAreaView.java', 'packages/SystemUI/tests/src/com/android/systemui/statusbar/phone/NotificationPanelViewTest.java']",80,"[1, 13, 0, 2, 10, 1, 33, 0, 3, 0, 17]"
17,9272406e82304c5a2a8124c75eedb4b5fdf7273a,4,4,"['services/tests/servicestests/src/com/android/server/display/DisplayModeDirectorTest.java', 'services/core/java/com/android/server/display/DisplayModeDirector.java', 'telephony/java/android/telephony/CarrierConfigManager.java', 'core/java/android/app/ActivityManagerInternal.java']",493,"[373, 100, 14, 6]"
18,219787565ff982848d596fa8743cd132af113e6b,4,4,"['packages/SettingsLib/src/com/android/settingslib/wifi/WifiEntryPreference.java', 'packages/SystemUI/tests/src/com/android/systemui/statusbar/phone/NotificationPanelViewTest.java', 'services/core/java/com/android/server/am/OomAdjuster.java', 'packages/SystemUI/src/com/android/systemui/statusbar/phone/NotificationPanelViewController.java']",11,"[2, 3, 4, 2]"
19,1b62159ffcebb2c102e129b2e778a8f65b7e5948,15,11,"['core/java/android/bluetooth/BluetoothAdapter.java', 'services/core/java/com/android/server/pm/permission/PermissionManagerService.java', 'core/java/android/content/pm/ApplicationInfo.java', 'core/java/android/app/ActivityManagerInternal.java', 'packages/SystemUI/src/com/android/systemui/statusbar/phone/NotificationPanelViewController.java', 'services/core/java/com/android/server/BluetoothManagerService.java', 'core/java/android/bluetooth/BluetoothHeadset.java', 'core/java/android/widget/AbsListView.java', 'services/core/java/com/android/server/locksettings/LockSettingsService.java', 'packages/SystemUI/tests/src/com/android/systemui/statusbar/phone/NotificationPanelViewTest.java', 'services/core/java/com/android/server/am/ActivityManagerConstants.java']",81,"[4, 24, 3, 4, 2, 3, 5, 31, 1, 3, 1]"
20,2051462f672b5986ef321bf1de3657e7653864e8,21,18,"['services/core/java/com/android/server/ConnectivityService.java', 'core/java/android/app/ActivityManagerInternal.java', 'packages/SettingsLib/src/com/android/settingslib/bluetooth/CachedBluetoothDevice.java', 'telephony/java/android/telephony/CarrierConfigManager.java', 'core/java/android/app/PendingIntent.java', 'core/java/android/bluetooth/BluetoothHeadset.java', 'services/core/java/com/android/server/locksettings/LockSettingsService.java', 'services/core/java/com/android/server/location/gnss/GnssLocationProvider.java', 'core/java/android/bluetooth/BluetoothHearingAid.java', 'telephony/java/com/android/internal/telephony/DctConstants.java', 'services/core/java/com/android/server/BluetoothManagerService.java', 'packages/SystemUI/src/com/android/systemui/qs/tiles/HotspotTile.java', 'core/java/android/view/Choreographer.java', 'core/java/android/bluetooth/BluetoothDevice.java', 'core/java/android/bluetooth/le/PeriodicAdvertisingManager.java', 'core/java/android/bluetooth/BluetoothAdapter.java', 'tests/net/java/com/android/server/ConnectivityServiceTest.java', 'services/core/java/com/android/server/connectivity/NetworkRanker.java']",115,"[1, 4, 35, 8, 6, 11, 2, 1, 2, 0, 4, 0, 29, 3, 1, 5, 1, 2]"
21,81abbc1d7858f29d3344ff6f1702ece80eab8341,5,3,"['services/core/java/com/android/server/Watchdog.java', 'core/java/com/android/internal/widget/LockPatternUtils.java', 'services/core/java/com/android/server/wm/ActivityRecord.java']",4,"[1, 0, 3]"
22,5f1da148b08c14445ce83ca151a84f75e489d274,7,5,"['services/core/java/com/android/server/ConnectivityService.java', 'services/voiceinteraction/java/com/android/server/soundtrigger/SoundTriggerService.java', 'services/core/java/com/android/server/am/ActiveServices.java', 'services/core/java/com/android/server/connectivity/NetworkAgentInfo.java', 'services/core/java/com/android/server/connectivity/NetworkRanker.java']",48,"[4, 40, 2, 1, 1]"
23,1703ba989d8ea7e3cfbf32ac94111087166672de,2,2,"['core/java/com/android/internal/os/ZygoteInit.java', 'telephony/java/android/telephony/CarrierConfigManager.java']",9,"[0, 9]"
24,21cdef883cc867db55340b25d5c95e19b12ab383,20,18,"['services/java/com/android/server/SystemServer.java', 'packages/SystemUI/src/com/android/systemui/BatteryMeterView.java', 'services/core/java/com/android/server/ConnectivityService.java', 'services/core/java/com/android/server/Watchdog.java', 'packages/SystemUI/src/com/android/keyguard/KeyguardSecurityModel.java', 'services/core/java/com/android/server/am/ProcessList.java', 'packages/SystemUI/src/com/android/keyguard/EmergencyButton.java', 'core/java/android/content/pm/ApplicationInfo.java', 'services/core/java/com/android/server/BluetoothManagerService.java', 'packages/SystemUI/src/com/android/keyguard/CarrierTextController.java', 'core/java/android/hardware/camera2/impl/CameraDeviceImpl.java', 'core/java/android/bluetooth/le/ScanFilter.java', 'packages/SettingsLib/src/com/android/settingslib/bluetooth/LocalBluetoothProfileManager.java', 'packages/SystemUI/src/com/android/systemui/statusbar/notification/row/wrapper/NotificationMediaTemplateViewWrapper.java', 'packages/SystemUI/src/com/android/systemui/statusbar/policy/NetworkControllerImpl.java', 'telephony/java/android/telephony/CarrierConfigManager.java', 'services/core/java/com/android/server/connectivity/Nat464Xlat.java', 'services/core/java/com/android/server/display/DisplayManagerService.java']",163,"[2, 5, 3, 2, 3, 6, 2, 19, 2, 6, 63, 4, 2, 0, 2, 37, 3, 2]"
25,757dbb836469bbdd7eb8312deaf584fe0c99c17d,27,27,"['core/java/android/view/ViewRootImpl.java', 'packages/SettingsLib/src/com/android/settingslib/bluetooth/CachedBluetoothDevice.java', 'packages/SystemUI/src/com/android/systemui/statusbar/phone/StatusBarSignalPolicy.java', 'packages/SystemUI/tests/src/com/android/systemui/qs/carrier/QSCarrierGroupControllerTest.java', 'core/java/android/widget/AbsListView.java', 'packages/SystemUI/tests/src/com/android/systemui/statusbar/policy/CallbackHandlerTest.java', 'services/tests/servicestests/src/com/android/server/display/DisplayModeDirectorTest.java', 'core/java/android/hardware/display/DisplayManager.java', 'packages/SystemUI/src/com/android/systemui/qs/tiles/CastTile.java', 'services/devicepolicy/java/com/android/server/devicepolicy/BaseIDevicePolicyManager.java', 'packages/SystemUI/src/com/android/systemui/qs/tiles/CellularTile.java', 'packages/SystemUI/src/com/android/systemui/statusbar/policy/CallbackHandler.java', 'services/core/java/com/android/server/display/DisplayModeDirector.java', 'packages/SystemUI/src/com/android/systemui/statusbar/policy/WifiSignalController.java', 'telephony/java/com/android/internal/telephony/DctConstants.java', 'services/core/java/com/android/server/am/ActivityManagerService.java', 'packages/SystemUI/src/com/android/systemui/statusbar/policy/MobileSignalController.java', 'core/java/android/view/Choreographer.java', 'packages/SystemUI/src/com/android/systemui/statusbar/phone/KeyguardBottomAreaView.java', 'packages/SystemUI/src/com/android/systemui/qs/carrier/QSCarrierGroupController.java', 'core/java/android/bluetooth/BluetoothDevice.java', 'packages/SystemUI/tests/src/com/android/systemui/statusbar/policy/NetworkControllerBaseTest.java', 'packages/SystemUI/src/com/android/systemui/statusbar/policy/NetworkController.java', 'packages/SettingsLib/src/com/android/settingslib/wifi/AccessPoint.java', 'services/core/java/com/android/server/display/LogicalDisplayMapper.java', 'packages/SystemUI/src/com/android/systemui/qs/tiles/InternetTile.java', 'services/core/java/com/android/server/connectivity/Nat464Xlat.java']",194,"[1, 3, 13, 2, 53, 20, 1, 14, 6, 8, 2, 2, 6, 14, 1, 0, 6, 5, 1, 1, 8, 8, 1, 1, 14, 1, 2]"
26,24818fca475a6726f5ef0cae42149615079af6e9,13,11,"['services/core/java/com/android/server/ConnectivityService.java', 'services/core/java/com/android/server/audio/AudioService.java', 'core/java/android/app/ActivityManagerInternal.java', 'packages/SystemUI/src/com/android/systemui/statusbar/policy/MobileSignalController.java', 'services/core/java/com/android/server/wm/ActivityRecord.java', 'telephony/java/com/android/internal/telephony/uicc/IccUtils.java', 'core/java/android/content/res/CompatibilityInfo.java', 'core/java/android/provider/Settings.java', 'services/core/java/com/android/server/display/LogicalDisplayMapper.java', 'services/core/java/com/android/server/locksettings/LockSettingsService.java', 'telephony/java/android/telephony/CarrierConfigManager.java']",115,"[21, 2, 5, 31, 1, 1, 11, 6, 1, 0, 36]"
27,337095f9d277c566cb888bc3adbac16576f1ae70,36,34,"['services/java/com/android/server/SystemServer.java', 'services/core/java/com/android/server/display/LocalDisplayAdapter.java', 'services/core/java/com/android/server/ConnectivityService.java', 'services/core/java/com/android/server/audio/AudioService.java', 'core/java/android/view/ViewRootImpl.java', 'core/java/android/content/pm/ApplicationInfo.java', 'services/core/java/com/android/server/audio/AudioDeviceInventory.java', 'media/java/android/media/AudioFormat.java', 'packages/SystemUI/src/com/android/systemui/statusbar/phone/StatusBarSignalPolicy.java', 'packages/SystemUI/tests/src/com/android/systemui/qs/carrier/QSCarrierGroupControllerTest.java', 'packages/SystemUI/tests/src/com/android/systemui/statusbar/policy/CallbackHandlerTest.java', 'telephony/java/android/telephony/CarrierConfigManager.java', 'packages/SystemUI/src/com/android/systemui/qs/tiles/CastTile.java', 'services/devicepolicy/java/com/android/server/devicepolicy/BaseIDevicePolicyManager.java', 'core/java/android/util/apk/ApkSignatureVerifier.java', 'packages/SystemUI/src/com/android/systemui/statusbar/StatusBarMobileView.java', 'packages/SystemUI/src/com/android/systemui/statusbar/policy/CallbackHandler.java', 'services/core/java/com/android/server/am/OomAdjuster.java', 'services/core/java/com/android/server/wm/DisplayPolicy.java', 'core/java/android/view/WindowManagerImpl.java', 'services/core/java/com/android/server/Watchdog.java', 'services/core/java/com/android/server/am/ProcessList.java', 'services/core/java/com/android/server/wm/ActivityRecord.java', 'core/java/android/provider/Settings.java', 'services/core/java/com/android/server/am/ActivityManagerService.java', 'services/core/java/com/android/server/am/ActiveServices.java', 'packages/SystemUI/src/com/android/systemui/statusbar/policy/MobileSignalController.java', 'packages/SystemUI/src/com/android/systemui/statusbar/phone/KeyguardBottomAreaView.java', 'services/core/java/com/android/server/wm/ActivityTaskSupervisor.java', 'core/java/android/content/res/CompatibilityInfo.java', 'services/core/java/com/android/server/display/LogicalDisplayMapper.java', 'services/core/java/com/android/server/connectivity/NetworkAgentInfo.java', 'services/core/java/com/android/server/am/ProcessRecord.java', 'packages/SystemUI/src/com/android/systemui/statusbar/policy/NetworkControllerImpl.java']",231,"[8, 2, 86, 3, 1, 6, 0, 8, 10, 1, 4, 15, 6, 8, 2, 1, 3, 7, 0, 2, 4, 3, 1, 7, 4, 6, 2, 6, 2, 10, 1, 4, 7, 1]"
28,e85435d4d9a2f7122bd5c97ad0a25c768d124a0e,26,25,"['telephony/java/android/telephony/AccessNetworkConstants.java', 'services/core/java/com/android/server/ConnectivityService.java', 'services/core/java/com/android/server/pm/PackageManagerService.java', 'core/java/android/app/ActivityManagerInternal.java', 'packages/SystemUI/src/com/android/systemui/statusbar/phone/PanelViewController.java', 'core/java/android/bluetooth/BluetoothGattServer.java', 'services/core/java/com/android/server/wm/TaskDisplayArea.java', 'telephony/java/android/telephony/CarrierConfigManager.java', 'packages/SettingsLib/src/com/android/settingslib/mobile/TelephonyIcons.java', 'services/devicepolicy/java/com/android/server/devicepolicy/BaseIDevicePolicyManager.java', 'services/core/java/com/android/server/statusbar/StatusBarManagerService.java', 'packages/SettingsLib/src/com/android/settingslib/wifi/WifiStatusTracker.java', 'packages/SystemUI/src/com/android/systemui/statusbar/policy/WifiSignalController.java', 'services/core/java/com/android/server/display/DisplayManagerService.java', 'core/java/android/os/storage/DiskInfo.java', 'telecomm/java/android/telecom/Connection.java', 'services/core/java/com/android/server/am/ActivityManagerService.java', 'services/core/java/com/android/server/am/ActiveServices.java', 'packages/SystemUI/src/com/android/systemui/statusbar/policy/MobileSignalController.java', 'services/core/java/com/android/server/wm/ActivityTaskSupervisor.java', 'packages/SystemUI/tests/src/com/android/systemui/statusbar/policy/NetworkControllerBaseTest.java', 'core/java/android/bluetooth/BluetoothManager.java', 'services/core/java/com/android/server/connectivity/NetworkAgentInfo.java', 'core/java/android/bluetooth/BluetoothGatt.java', 'packages/SystemUI/src/com/android/systemui/statusbar/policy/NetworkControllerImpl.java']",302,"[0, 144, 49, 4, 5, 4, 0, 7, 1, 9, 1, 13, 18, 0, 2, 7, 1, 2, 0, 2, 1, 3, 1, 4, 24]"
29,7fd6edc3a3ff37a750641d5e192835fe217f6050,11,11,"['services/core/java/com/android/server/ConnectivityService.java', 'services/core/java/com/android/server/audio/AudioDeviceBroker.java', 'location/java/android/location/LocationManager.java', 'services/core/java/com/android/server/BluetoothManagerService.java', 'services/core/java/com/android/server/pm/PackageInstallerSession.java', 'services/core/java/com/android/server/wm/Task.java', 'packages/SystemUI/src/com/android/systemui/statusbar/policy/MobileSignalController.java', 'packages/SystemUI/src/com/android/systemui/statusbar/policy/NetworkControllerImpl.java', 'telephony/java/android/telephony/CarrierConfigManager.java', 'services/core/java/com/android/server/audio/BtHelper.java']",61,"[1, 2, 28, 5, 0, 1, 10, 3, 6, 5]"
30,b03d6d43646266d456c22154a1f6fd945bf79f83,7,6,"['services/core/java/com/android/server/wm/RootWindowContainer.java', 'services/core/java/com/android/server/wm/ActivityTaskManagerService.java', 'services/core/java/com/android/server/wm/ActivityRecord.java', 'core/java/android/bluetooth/BluetoothProfile.java', 'wifi/java/android/net/wifi/WifiManager.java', 'services/core/java/com/android/server/wm/TaskDisplayArea.java']",63,"[1, 2, 5, 6, 48, 1]"
31,ac442e0398fe7344f66cbbd4d2af15b1bfdbf46b,10,8,"['services/core/java/com/android/server/wm/ActivityTaskManagerService.java', 'services/core/java/com/android/server/wm/ActivityRecord.java', 'core/java/android/hardware/camera2/impl/CameraDeviceImpl.java', 'services/core/java/com/android/server/am/ActiveServices.java', 'services/core/java/com/android/server/display/LogicalDisplayMapper.java', 'telephony/java/com/android/internal/telephony/TelephonyIntents.java', 'packages/SystemUI/src/com/android/systemui/statusbar/phone/StatusBar.java', 'services/core/java/com/android/server/display/DisplayManagerService.java']",154,"[1, 24, 1, 0, 3, 101, 1, 23]"
32,d3ff2de786af936a9af8739f5c98972804dd5823,5,4,"['media/java/android/media/AudioFormat.java', 'media/java/android/media/AudioRecord.java', 'services/core/java/com/android/server/am/OomAdjuster.java', 'wifi/java/android/net/wifi/WifiInfo.java']",44,"[26, 15, 1, 2]"
33,3933f277a025be704e68ea593536e492831a7e05,19,14,"['services/java/com/android/server/SystemServer.java', 'wifi/java/android/net/wifi/SoftApCapability.java', 'location/java/android/location/LocationManager.java', 'services/core/java/com/android/server/Watchdog.java', 'services/core/java/com/android/server/am/AppProfiler.java', 'core/java/android/app/ActivityManagerInternal.java', 'services/core/java/com/android/server/wm/ActivityRecord.java', 'core/java/android/widget/OverScroller.java', 'services/core/java/com/android/server/am/ActiveServices.java', 'services/core/java/com/android/server/wm/TaskDisplayArea.java', 'wifi/java/android/net/wifi/WifiConfiguration.java', 'wifi/java/android/net/wifi/SoftApConfiguration.java', 'packages/SystemUI/src/com/android/systemui/qs/QSPanel.java', 'services/core/java/com/android/server/display/DisplayManagerService.java']",147,"[1, 11, 6, 102, 2, 5, 0, 1, 2, 2, 2, 10, 0, 3]"
34,449f659b21d039b8692602294b040038ac1e6ccb,18,14,"['packages/SystemUI/src/com/android/systemui/qs/tiles/CastTile.java', 'services/core/java/com/android/server/location/LocationManagerService.java', 'services/core/java/com/android/server/audio/AudioService.java', 'services/core/java/com/android/server/audio/AudioDeviceBroker.java', 'core/java/android/view/Choreographer.java', 'core/java/android/bluetooth/le/AdvertiseData.java', 'services/core/java/com/android/server/wm/ActivityRecord.java', 'wifi/java/android/net/wifi/nl80211/WifiNl80211Manager.java', 'services/core/java/com/android/server/am/ActivityManagerService.java', 'core/java/android/bluetooth/BluetoothCodecConfig.java', 'services/core/java/com/android/server/audio/BtHelper.java', 'services/core/java/com/android/server/wm/TaskDisplayArea.java', 'telephony/java/android/telephony/CarrierConfigManager.java', 'services/core/java/com/android/server/display/DisplayManagerService.java']",147,"[21, 1, 4, 17, 4, 5, 10, 12, 0, 6, 51, 0, 10, 6]"
35,27e7f8c2aa4ce0a2f59b3bf1969b06bfd1e9ebca,45,41,"['services/java/com/android/server/SystemServer.java', 'core/java/android/app/ResourcesManager.java', 'services/core/java/com/android/server/audio/AudioService.java', 'services/core/java/com/android/server/pm/PackageManagerService.java', 'services/core/java/com/android/server/wm/ActivityStackSupervisor.java', 'services/core/java/com/android/server/audio/AudioDeviceInventory.java', 'services/core/java/com/android/server/pm/PackageInstallerSession.java', 'services/core/java/com/android/server/storage/StorageUserConnection.java', 'packages/SystemUI/src/com/android/systemui/statusbar/phone/StatusBarSignalPolicy.java', 'packages/SystemUI/src/com/android/systemui/statusbar/phone/PanelViewController.java', 'services/core/java/com/android/server/connectivity/Vpn.java', 'core/java/android/net/NetworkStatsHistory.java', 'packages/SettingsLib/src/com/android/settingslib/wifi/WifiUtils.java', 'packages/SystemUI/src/com/android/keyguard/KeyguardSimPukView.java', 'packages/SystemUI/src/com/android/keyguard/KeyguardSimPinView.java', 'packages/SettingsLib/src/com/android/settingslib/Utils.java', 'services/core/java/com/android/server/wm/TaskDisplayArea.java', 'telephony/java/android/telephony/CarrierConfigManager.java', 'services/core/java/com/android/server/audio/BtHelper.java', 'tests/net/java/com/android/server/net/NetworkStatsCollectionTest.java', 'packages/SettingsLib/src/com/android/settingslib/wifi/WifiEntryPreference.java', 'services/core/java/com/android/server/location/LocationManagerService.java', 'services/core/java/com/android/server/audio/AudioDeviceBroker.java', 'location/java/android/location/LocationManager.java', 'packages/SystemUI/src/com/android/keyguard/KeyguardPatternView.java', 'services/core/java/com/android/server/am/CachedAppOptimizer.java', 'services/core/java/com/android/server/net/NetworkStatsCollection.java', 'services/core/java/com/android/server/am/OomAdjuster.java', 'services/core/java/com/android/server/locksettings/LockSettingsService.java', 'wifi/java/android/net/wifi/ScanResult.java', 'packages/SystemUI/src/com/android/systemui/statusbar/policy/WifiSignalController.java', 'packages/SystemUI/src/com/android/keyguard/KeyguardSecurityModel.java', 'services/core/java/com/android/server/BluetoothManagerService.java', 'services/core/java/com/android/server/am/ActivityManagerService.java', 'core/java/android/view/Choreographer.java', 'telephony/java/android/telephony/CellIdentityNr.java', 'services/core/java/com/android/server/net/NetworkStatsSubscriptionsMonitor.java', 'packages/SystemUI/src/com/android/keyguard/KeyguardAbsKeyInputView.java', 'packages/SettingsLib/src/com/android/settingslib/wifi/AccessPoint.java', 'wifi/java/android/net/wifi/WifiConfiguration.java', 'services/core/java/com/android/server/am/ActivityManagerConstants.java']",176,"[5, 0, 1, 1, 1, 1, 1, 1, 2, 1, 10, 24, 0, 0, 1, 11, 5, 2, 9, 24, 8, 0, 1, 28, 0, 0, 8, 2, 1, 0, 2, 3, 2, 12, 1, 1, 2, 0, 0, 4, 1]"
36,8abdf0e95a5d15a310b6df69d33a4510a0b44b4a,22,20,"['services/core/java/com/android/server/wm/ActivityStackSupervisor.java', 'services/core/java/com/android/server/storage/StorageUserConnection.java', 'packages/SettingsLib/src/com/android/settingslib/wifi/WifiUtils.java', 'core/java/android/accounts/AccountManager.java', 'services/core/java/com/android/server/wm/TaskDisplayArea.java', 'telephony/java/android/telephony/CarrierConfigManager.java', 'services/core/java/com/android/server/wm/RootWindowContainer.java', 'packages/SystemUI/src/com/android/systemui/qs/tiles/CastTile.java', 'location/java/android/location/LocationManager.java', 'packages/SystemUI/tests/src/com/android/systemui/appops/AppOpsControllerTest.java', 'packages/SystemUI/src/com/android/systemui/util/sensors/AsyncSensorManager.java', 'packages/SystemUI/src/com/android/systemui/ScreenDecorations.java', 'wifi/java/android/net/wifi/SoftApConfiguration.java', 'services/core/java/com/android/server/Watchdog.java', 'services/core/java/com/android/server/wm/ActivityRecord.java', 'services/core/java/com/android/server/BluetoothManagerService.java', 'packages/SettingsLib/src/com/android/settingslib/datetime/ZoneGetter.java', 'packages/SystemUI/src/com/android/systemui/qs/tiles/HotspotTile.java', 'core/java/android/hardware/camera2/utils/SurfaceUtils.java', 'core/java/android/hardware/Camera.java']",134,"[1, 5, 3, 1, 0, 9, 2, 2, 10, 17, 2, 6, 32, 17, 1, 1, 10, 2, 10, 3]"
